pow_related_errors_001,23,31
pow_related_errors_002,38,46
pow_related_errors_003,54,66
pow_related_errors_004,73,88
pow_related_errors_005,95,110
pow_related_errors_006_func_001,117,121
pow_related_errors_006,123,130
pow_related_errors_007,142,156
pow_related_errors_008,164,172
pow_related_errors_009,179,186
pow_related_errors_010,193,200
pow_related_errors_011,207,214
pow_related_errors_012,221,229
pow_related_errors_013,236,244
pow_related_errors_014,251,259
pow_related_errors_015,266,274
pow_related_errors_016,281,289
pow_related_errors_017,296,304
pow_related_errors_018,311,319
pow_related_errors_019,326,334
pow_related_errors_020,341,349
pow_related_errors_021,356,364
pow_related_errors_022,371,379
pow_related_errors_023,386,394
pow_related_errors_024,401,409
pow_related_errors_025,416,424
pow_related_errors_026,431,439
pow_related_errors_027,446,454
pow_related_errors_028,461,469
pow_related_errors_029,476,484
pow_related_errors_main,491,638
